{
  "resource_pack_name": "bow_custom",
  "texture_name": "atlas.items",
  "texture_data": {
    "automatic_bow": {
      "textures": "textures/items/bows/automatic_bow/automatic_bow_standby"
    },
    "icy_bow": {
      "textures": "textures/items/bows/icy_bow/icy_bow_standby"
    },
    "tnt_bow": {
      "textures": "textures/items/bows/tnt_bow/explosive_bow_standby"
    },
    "teleport_bow": {
      "textures": "textures/items/bows/teleport_bow/soulbound_bow_standby"
    },
    "diamond_bow": {
      "textures": "textures/items/bows/diamond_bow/diamond_bow_standby"
    },
    "thunder_bow": {
      "textures": "textures/items/bows/thunder_bow/thunder_bow_standby"
    }
  }
}